{"stats":{"minecraft:broken":{"minecraft:wooden_pickaxe":2,"minecraft:wooden_sword":1},"minecraft:dropped":{"minecraft:wheat_seeds":3,"minecraft:golden_helmet":1,"minecraft:cooked_beef":6,"minecraft:oak_log":2,"minecraft:mossy_cobblestone":1,"minecraft:ender_pearl":1,"minecraft:cobblestone":56,"minecraft:bedrock":256,"minecraft:coal":3,"minecraft:stick":2,"minecraft:flint":1,"minecraft:dirt":35,"minecraft:sculk_catalyst":222,"minecraft:wooden_axe":1,"minecraft:oak_stairs":2,"minecraft:gold_nugget":4,"minecraft:smooth_stone":7,"minecraft:string":1,"minecraft:gravel":17,"minecraft:stone_axe":1,"minecraft:compass":1,"minecraft:stone_sword":2,"minecraft:oak_planks":64,"minecraft:peony":4,"minecraft:leather_boots":1,"minecraft:wooden_shovel":1,"minecraft:stone_pickaxe":4,"minecraft:arrow":1,"minecraft:egg":1},"minecraft:mined":{"minecraft:white_bed":1,"minecraft:granite":28,"minecraft:grass_block":11,"minecraft:sandstone":3,"minecraft:hay_block":5,"minecraft:furnace":3,"minecraft:fire":1,"minecraft:snow":1,"minecraft:andesite":4,"minecraft:peony":4,"minecraft:oak_stairs":1,"minecraft:stone":98,"minecraft:crafting_table":9,"minecraft:torch":2,"minecraft:short_grass":14,"minecraft:cobblestone":22,"minecraft:oak_planks":2,"minecraft:diorite":17,"minecraft:wall_torch":14,"minecraft:birch_log":7,"minecraft:sweet_berry_bush":12,"minecraft:spruce_log":7,"minecraft:birch_leaves":1,"minecraft:yellow_bed":1,"minecraft:oak_log":27,"minecraft:coal_ore":31,"minecraft:gravel":7,"minecraft:sand":12,"minecraft:dirt":69,"minecraft:oak_leaves":7},"minecraft:killed_by":{"minecraft:player":1,"minecraft:zombie":1},"minecraft:custom":{"minecraft:mob_kills":19,"minecraft:interact_with_crafting_table":12,"minecraft:leave_game":2,"minecraft:time_since_death":5210,"minecraft:damage_resisted":3013,"minecraft:sprint_one_cm":276497,"minecraft:walk_one_cm":198930,"minecraft:drop":80,"minecraft:talked_to_villager":1,"minecraft:play_time":119755,"minecraft:deaths":6,"minecraft:sneak_time":2265,"minecraft:walk_under_water_one_cm":11820,"minecraft:boat_one_cm":374400,"minecraft:jump":1357,"minecraft:walk_on_water_one_cm":21939,"minecraft:total_world_time":119755,"minecraft:interact_with_furnace":20,"minecraft:sleep_in_bed":1,"minecraft:time_since_rest":5325,"minecraft:damage_taken":3879,"minecraft:damage_dealt":2968,"minecraft:swim_one_cm":87238,"minecraft:fly_one_cm":289962,"minecraft:open_chest":2,"minecraft:crouch_one_cm":4058,"minecraft:fall_one_cm":65569},"minecraft:killed":{"minecraft:spider":2,"minecraft:pig":4,"minecraft:salmon":3,"minecraft:zombie":1,"minecraft:cow":8},"minecraft:picked_up":{"minecraft:wooden_axe":1,"minecraft:crafting_table":13,"minecraft:oak_stairs":2,"minecraft:potion":1,"minecraft:string":7,"minecraft:compass":5,"minecraft:gold_nugget":6,"minecraft:smooth_stone":7,"minecraft:netherite_sword":4,"minecraft:beef":17,"minecraft:oak_boat":7,"minecraft:redstone_torch":1,"minecraft:wooden_shovel":1,"minecraft:furnace":4,"minecraft:egg":1,"minecraft:golden_helmet":2,"minecraft:stick":6,"minecraft:sandstone":14,"minecraft:torch":39,"minecraft:porkchop":9,"minecraft:netherite_shovel":4,"minecraft:diorite":57,"minecraft:netherite_pickaxe":4,"minecraft:stone_sword":2,"minecraft:arrow":1,"minecraft:rotten_flesh":2,"minecraft:peony":8,"minecraft:hay_block":5,"minecraft:netherite_chestplate":4,"minecraft:obsidian":794,"minecraft:snowball":4,"minecraft:cobblestone":253,"minecraft:birch_log":7,"minecraft:netherite_boots":4,"minecraft:cooked_beef":646,"minecraft:andesite":4,"minecraft:salmon":3,"minecraft:leather":17,"minecraft:bedrock":256,"minecraft:potato":4,"minecraft:birch_planks":20,"minecraft:flint":1,"minecraft:oak_log":29,"minecraft:yellow_bed":1,"minecraft:netherite_leggings":4,"minecraft:dirt":306,"minecraft:leather_boots":1,"minecraft:apple":34,"minecraft:wheat_seeds":6,"minecraft:stone_pickaxe":4,"minecraft:netherite_axe":3,"minecraft:glass_bottle":3,"minecraft:oak_planks":375,"minecraft:sculk_catalyst":224,"minecraft:sweet_berries":23,"minecraft:gravel":31,"minecraft:sand":26,"minecraft:spruce_log":7,"minecraft:mossy_cobblestone":1,"minecraft:stone_axe":1,"minecraft:netherite_helmet":4,"minecraft:granite":40,"minecraft:netherite_hoe":4,"minecraft:coal":74,"minecraft:ender_pearl":1},"minecraft:used":{"minecraft:netherite_sword":24,"minecraft:stone_sword":57,"minecraft:wooden_shovel":46,"minecraft:rotten_flesh":2,"minecraft:torch":19,"minecraft:dirt":57,"minecraft:granite":27,"minecraft:obsidian":76,"minecraft:wooden_axe":42,"minecraft:beef":1,"minecraft:hay_block":2,"minecraft:sweet_berries":2,"minecraft:furnace":4,"minecraft:netherite_pickaxe":1,"minecraft:potato":1,"minecraft:cooked_beef":5,"minecraft:diorite":5,"minecraft:glass_bottle":5,"minecraft:stone_pickaxe":89,"minecraft:oak_planks":25,"minecraft:wooden_pickaxe":118,"minecraft:sandstone":3,"minecraft:redstone_block":3,"minecraft:leather_boots":1,"minecraft:salmon":1,"minecraft:sand":21,"minecraft:tnt":15,"minecraft:crafting_table":10,"minecraft:spruce_log":1,"minecraft:redstone_torch":1,"minecraft:bread":1,"minecraft:netherite_axe":17,"minecraft:golden_helmet":1,"minecraft:wooden_sword":101,"minecraft:cobblestone":11,"minecraft:potion":6,"minecraft:cooked_porkchop":2,"minecraft:porkchop":1,"minecraft:yellow_bed":1,"minecraft:oak_boat":2,"minecraft:air":1,"minecraft:sculk_catalyst":2},"minecraft:crafted":{"minecraft:wooden_sword":2,"minecraft:oak_planks":108,"minecraft:leather_boots":1,"minecraft:furnace":1,"minecraft:stone_pickaxe":4,"minecraft:wheat":27,"minecraft:cooked_beef":7,"minecraft:wooden_shovel":1,"minecraft:cooked_porkchop":2,"minecraft:crafting_table":3,"minecraft:spruce_planks":24,"minecraft:wooden_pickaxe":2,"minecraft:birch_planks":28,"minecraft:stone_axe":2,"minecraft:bread":9,"minecraft:stick":32,"minecraft:wooden_axe":2,"minecraft:stone_sword":2,"minecraft:torch":8}},"DataVersion":3700}