{"stats":{"minecraft:broken":{"minecraft:stone_sword":1,"minecraft:stone_pickaxe":1},"minecraft:mined":{"minecraft:mossy_cobblestone":2,"minecraft:oak_door":1,"minecraft:granite":24,"minecraft:grass_block":9,"minecraft:spruce_leaves":1,"minecraft:kelp":3,"minecraft:sandstone":30,"minecraft:large_fern":1,"minecraft:tall_seagrass":4,"minecraft:furnace":3,"minecraft:iron_ore":28,"minecraft:fire":1,"minecraft:andesite":2,"minecraft:anvil":3,"minecraft:gold_block":2,"minecraft:stone":136,"minecraft:kelp_plant":1,"minecraft:crafting_table":9,"minecraft:short_grass":13,"minecraft:emerald_ore":1,"minecraft:tall_grass":1,"minecraft:cobblestone":5,"minecraft:sugar_cane":12,"minecraft:oak_planks":1,"minecraft:diorite":13,"minecraft:sweet_berry_bush":6,"minecraft:spruce_log":3,"minecraft:birch_leaves":4,"minecraft:oak_log":12,"minecraft:coal_ore":16,"minecraft:gravel":14,"minecraft:sand":93,"minecraft:dirt":15,"minecraft:cracked_stone_bricks":2,"minecraft:mossy_stone_bricks":1,"minecraft:oak_leaves":10},"minecraft:dropped":{"minecraft:bread":1,"minecraft:netherite_pickaxe":1,"minecraft:wheat_seeds":3,"minecraft:golden_helmet":1,"minecraft:cooked_beef":384,"minecraft:diamond":1,"minecraft:netherite_helmet":1,"minecraft:netherite_axe":1,"minecraft:netherite_chestplate":1,"minecraft:golden_axe":1,"minecraft:feather":3,"minecraft:prismarine_crystals":1,"minecraft:leather":8,"minecraft:apple":7,"minecraft:granite":24,"minecraft:cracked_stone_bricks":2,"minecraft:bedrock":256,"minecraft:stick":3,"minecraft:dirt":16,"minecraft:diorite":11,"minecraft:sculk_catalyst":201,"minecraft:netherite_boots":1,"minecraft:potion":2,"minecraft:sand":4,"minecraft:string":2,"minecraft:bone":1,"minecraft:oak_door":3,"minecraft:gravel":11,"minecraft:stone_axe":1,"minecraft:kelp":1,"minecraft:netherite_hoe":1,"minecraft:stone_sword":1,"minecraft:netherite_sword":1,"minecraft:wheat":5,"minecraft:obsidian":320,"minecraft:netherite_shovel":1,"minecraft:netherite_leggings":1,"minecraft:andesite":2,"minecraft:mossy_stone_bricks":1,"minecraft:sandstone":22,"minecraft:arrow":1,"minecraft:wooden_pickaxe":1,"minecraft:stone_pickaxe":1},"minecraft:killed_by":{"minecraft:iron_golem":1},"minecraft:custom":{"minecraft:mob_kills":64,"minecraft:interact_with_crafting_table":14,"minecraft:leave_game":2,"minecraft:time_since_death":1210,"minecraft:damage_resisted":4624,"minecraft:sprint_one_cm":296929,"minecraft:walk_one_cm":171671,"minecraft:drop":62,"minecraft:talked_to_villager":1,"minecraft:play_time":111888,"minecraft:deaths":4,"minecraft:sneak_time":7680,"minecraft:walk_under_water_one_cm":15211,"minecraft:boat_one_cm":337664,"minecraft:jump":2572,"minecraft:walk_on_water_one_cm":16339,"minecraft:total_world_time":111888,"minecraft:interact_with_furnace":17,"minecraft:sleep_in_bed":2,"minecraft:time_since_rest":1258,"minecraft:damage_taken":3667,"minecraft:damage_dealt":7528,"minecraft:swim_one_cm":78737,"minecraft:fly_one_cm":628002,"minecraft:player_kills":1,"minecraft:open_chest":11,"minecraft:crouch_one_cm":13321,"minecraft:fall_one_cm":102687},"minecraft:killed":{"minecraft:skeleton":1,"minecraft:chicken":4,"minecraft:drowned":1,"minecraft:pig":14,"minecraft:iron_golem":1,"minecraft:bat":2,"minecraft:creeper":3,"minecraft:sheep":14,"minecraft:zombie":9,"goofygoober:steak":1,"minecraft:villager":4,"minecraft:cow":7},"minecraft:picked_up":{"minecraft:crafting_table":9,"minecraft:wheat":5,"minecraft:chicken":4,"minecraft:anvil":3,"minecraft:gold_block":2,"minecraft:potion":1,"minecraft:string":2,"minecraft:cracked_stone_bricks":2,"minecraft:beef":15,"minecraft:oak_boat":3,"minecraft:poppy":2,"minecraft:sugar_cane":34,"minecraft:furnace":3,"minecraft:egg":2,"minecraft:golden_helmet":1,"minecraft:raw_iron":32,"minecraft:sandstone":25,"minecraft:oak_door":1,"minecraft:porkchop":26,"minecraft:golden_axe":1,"minecraft:diorite":13,"minecraft:command_block":1,"minecraft:stone_sword":1,"minecraft:arrow":1,"minecraft:rotten_flesh":10,"minecraft:obsidian":64,"minecraft:mutton":10,"minecraft:rail":1,"minecraft:white_wool":6,"minecraft:cobblestone":139,"minecraft:feather":3,"minecraft:cooked_beef":6,"minecraft:andesite":2,"minecraft:leather":8,"minecraft:flint":4,"minecraft:oak_log":12,"minecraft:gunpowder":3,"minecraft:dirt":32,"minecraft:leather_boots":1,"minecraft:bone":1,"minecraft:kelp":1,"minecraft:wheat_seeds":3,"minecraft:iron_ingot":4,"minecraft:mossy_stone_bricks":1,"minecraft:oak_planks":1,"minecraft:sculk_catalyst":208,"minecraft:sweet_berries":69,"minecraft:gravel":11,"minecraft:sand":55,"minecraft:white_bed":1,"minecraft:spruce_log":3,"minecraft:mossy_cobblestone":2,"minecraft:diamond":1,"minecraft:lever":1,"minecraft:granite":24,"minecraft:emerald":1,"minecraft:bread":1,"minecraft:coal":35,"minecraft:ender_pearl":1},"minecraft:used":{"minecraft:netherite_sword":18,"minecraft:stone_sword":130,"minecraft:flint_and_steel":40,"minecraft:stone_shovel":29,"minecraft:rotten_flesh":6,"minecraft:iron_chestplate":1,"minecraft:oak_door":1,"minecraft:dirt":16,"minecraft:mutton":2,"minecraft:anvil":5,"minecraft:lava_bucket":5,"minecraft:grass_block":77,"minecraft:oak_stairs":14,"minecraft:beef":3,"minecraft:sweet_berries":4,"minecraft:furnace":3,"minecraft:cooked_cod":1,"minecraft:gold_block":1,"minecraft:egg":1,"minecraft:cooked_beef":2,"minecraft:golden_axe":28,"minecraft:diorite":2,"minecraft:stone_pickaxe":173,"minecraft:ender_pearl":1,"minecraft:wooden_pickaxe":21,"minecraft:sandstone":3,"minecraft:mossy_cobblestone":2,"minecraft:sand":51,"minecraft:rail":1,"minecraft:tnt":40,"minecraft:crafting_table":10,"minecraft:lever":12,"minecraft:command_block":2,"minecraft:chicken":1,"minecraft:iron_pickaxe":151,"minecraft:stone_axe":27,"minecraft:cobblestone":91,"minecraft:potion":1,"minecraft:porkchop":5,"minecraft:bucket":3,"minecraft:oak_boat":5,"minecraft:sculk_catalyst":28},"minecraft:crafted":{"minecraft:oak_door":3,"minecraft:oak_planks":48,"minecraft:stone_shovel":1,"minecraft:furnace":1,"minecraft:iron_boots":1,"minecraft:stone_pickaxe":2,"minecraft:crafting_table":2,"minecraft:spruce_planks":12,"minecraft:wooden_pickaxe":1,"minecraft:iron_helmet":1,"minecraft:stone_axe":1,"minecraft:air":0,"minecraft:oak_boat":2,"minecraft:iron_chestplate":1,"minecraft:stick":16,"minecraft:iron_ingot":27,"minecraft:iron_pickaxe":1,"minecraft:stone_sword":1,"minecraft:iron_leggings":1}},"DataVersion":3700}